All device pins and their pinmux options
Pin,Name,Selected Mode,0,1,2,3,4,5,6,7,8,9,10,11,12,13,14,15
T8,GPIO122,,GPIO122,,,EMIF2_D15,GPIO122,,SPIC_SIMO,SD1_D1,GPIO122,,ESC_GPI22,,GPIO122,,ENET_MII_TX_DATA1,
U8,GPIO123,,GPIO123,,,EMIF2_D14,GPIO123,,SPIC_SOMI,SD1_C1,GPIO123,,ESC_GPI23,,GPIO123,,ENET_MII_TX_DATA2,
V8,GPIO124,,GPIO124,,,EMIF2_D13,GPIO124,,SPIC_CLK,SD1_D2,GPIO124,,ESC_GPI24,,GPIO124,,ENET_MII_TX_DATA3,
T9,GPIO125,,GPIO125,,,EMIF2_D12,GPIO125,,SPIC_STEn,SD1_C2,GPIO125,,ESC_GPI25,,GPIO125,FSIRXE_D1,ESC_LATCH0,
U9,GPIO126,,GPIO126,,,EMIF2_D11,GPIO126,,,SD1_D3,GPIO126,,ESC_GPI26,,GPIO126,FSIRXE_CLK,ESC_LATCH1,
V9,GPIO127,,GPIO127,,,EMIF2_D10,GPIO127,,,SD1_C3,GPIO127,,ESC_GPI27,,GPIO127,,ESC_SYNC0,
W9,GPIO128,,GPIO128,,,EMIF2_D9,GPIO128,,,SD1_D4,GPIO128,,ESC_GPI28,,GPIO128,,ESC_SYNC1,
T10,GPIO129,,GPIO129,,,EMIF2_D8,GPIO129,,,SD1_C4,GPIO129,,ESC_GPI29,,GPIO129,,ESC_TX1_ENA,
U10,GPIO130,,GPIO130,,,EMIF2_D7,GPIO130,,,SD2_D1,GPIO130,,ESC_GPI30,,GPIO130,,ESC_TX1_CLK,
V10,GPIO131,,GPIO131,,,EMIF2_D6,GPIO131,,,SD2_C1,GPIO131,,ESC_GPI31,,GPIO131,,ESC_TX1_DATA0,
T11,GPIO30,,GPIO30,CANA_RX,EMIF1_CLK,MCAN_RX,GPIO30,OUTPUTXBAR7,EQEP3_STROBE,SD2_D4,GPIO30,EMIF1_CS4n,ESC_LATCH1,ESC_I2C_SCL,GPIO30,EPWM16A,ESC_SYNC1,SPID_SIMO
V11,GPIO28,,GPIO28,SCIA_RX,EMIF1_CS4n,,GPIO28,OUTPUTXBAR5,EQEP3_A,SD2_D3,GPIO28,EMIF1_CS2n,,,GPIO28,EPWM15A,,FSIRXH_D1
W11,GPIO29,,GPIO29,SCIA_TX,EMIF1_SDCKE,,GPIO29,OUTPUTXBAR6,EQEP3_B,SD2_C3,GPIO29,EMIF1_CS3n,ESC_LATCH0,ESC_I2C_SDA,GPIO29,EPWM15B,ESC_SYNC0,FSIRXH_CLK
U11,GPIO31,,GPIO31,CANA_TX,EMIF1_WEn,MCAN_TX,GPIO31,OUTPUTXBAR8,EQEP3_INDEX,SD2_C4,GPIO31,EMIF1_RNW,I2CA_SDA,CM-I2CA_SDA,GPIO31,EPWM16B,,SPID_SOMI
V12,GPIO115,,GPIO115,,,EMIF2_CS0n,GPIO115,OUTPUTXBAR5,,,GPIO115,,ESC_GPI15,,GPIO115,FSIRXC_D0,ENET_MII_RX_DATA1,
W10,GPIO116,,GPIO116,,,EMIF2_CS2n,GPIO116,OUTPUTXBAR6,,,GPIO116,,ESC_GPI16,,GPIO116,FSIRXC_D1,ENET_MII_RX_DATA2,
U12,GPIO117,,GPIO117,,,EMIF2_SDCKE,GPIO117,,,,GPIO117,,ESC_GPI17,,GPIO117,FSIRXC_CLK,ENET_MII_RX_DATA3,
T12,GPIO118,,GPIO118,,,EMIF2_CLK,GPIO118,,,,GPIO118,,ESC_GPI18,,GPIO118,FSIRXD_D0,ENET_MII_TX_EN,
U13,GPIO32,,GPIO32,I2CA_SDA,EMIF1_CS0n,SPIA_SIMO,GPIO32,,,CLB_OUTPUTXBAR1,GPIO32,EMIF1_OEn,I2CA_SCL,CM-I2CA_SCL,GPIO32,,,SPID_CLK
T13,GPIO33,,GPIO33,I2CA_SCL,EMIF1_RNW,SPIA_SOMI,GPIO33,,,CLB_OUTPUTXBAR2,GPIO33,EMIF1_BA0,,,GPIO33,,,SPID_STEn
U14,GPIO34,,GPIO34,OUTPUTXBAR1,EMIF1_CS2n,SPIA_CLK,GPIO34,,I2CB_SDA,CLB_OUTPUTXBAR3,GPIO34,EMIF1_BA1,ESC_LATCH0,ENET_MII_CRS,GPIO34,SCIA_TX,ESC_SYNC0,
T14,GPIO35,,GPIO35,SCIA_RX,EMIF1_CS3n,SPIA_STEn,GPIO35,,I2CB_SCL,CLB_OUTPUTXBAR4,GPIO35,EMIF1_A0,ESC_LATCH1,ENET_MII_COL,GPIO35,,ESC_SYNC1,
T15,GPIO119,,GPIO119,,,EMIF2_RNW,GPIO119,,,,GPIO119,,ESC_GPI19,,GPIO119,FSIRXD_D1,ENET_MII_TX_ERR,
U15,GPIO120,,GPIO120,,,EMIF2_WEn,GPIO120,,,,GPIO120,,ESC_GPI20,,GPIO120,FSIRXD_CLK,ENET_MII_TX_CLK,
W16,GPIO121,,GPIO121,,,EMIF2_OEn,GPIO121,,,,GPIO121,,ESC_GPI21,,GPIO121,FSIRXE_D0,ENET_MII_TX_DATA0,
V16,GPIO36,,GPIO36,SCIA_TX,EMIF1_WAIT,,GPIO36,,CANA_RX,CLB_OUTPUTXBAR5,GPIO36,EMIF1_A1,MCAN_RX,,GPIO36,SD1_D1,,
U16,GPIO37,,GPIO37,OUTPUTXBAR2,EMIF1_OEn,,GPIO37,,CANA_TX,CLB_OUTPUTXBAR6,GPIO37,EMIF1_A2,MCAN_TX,,GPIO37,SD1_D2,,
T16,GPIO38,,GPIO38,,EMIF1_A0,,GPIO38,SCIC_TX,CANB_TX,CLB_OUTPUTXBAR7,GPIO38,EMIF1_A3,ENET_MII_RX_DV,ENET_MII_CRS,GPIO38,SD1_D3,,
W17,GPIO39,,GPIO39,,EMIF1_A1,,GPIO39,SCIC_RX,CANB_RX,CLB_OUTPUTXBAR8,GPIO39,EMIF1_A4,ENET_MII_RX_ERR,ENET_MII_COL,GPIO39,SD1_D4,,
W18,GPIO132,,GPIO132,,,EMIF2_D5,GPIO132,,,SD2_D2,GPIO132,,ESC_GPO0,,GPIO132,,ESC_TX1_DATA1,
V17,GPIO40,,GPIO40,,EMIF1_A2,,GPIO40,,I2CB_SDA,,GPIO40,,,ENET_MII_CRS,GPIO40,,ESC_I2C_SDA,
V18,GPIO134,,GPIO134,,,EMIF2_D4,GPIO134,,,SD2_D3,GPIO134,,ESC_GPO1,,GPIO134,,ESC_TX1_DATA2,
U17,GPIO41,,GPIO41,,EMIF1_A3,EMU1,GPIO41,,I2CB_SCL,,GPIO41,,ENET_REVMII_MDIO_RST,ENET_MII_COL,GPIO41,,ESC_I2C_SCL,
U18,GPIO135,,GPIO135,,,EMIF2_D3,GPIO135,,SCIA_TX,SD2_C3,GPIO135,,ESC_GPO2,,GPIO135,,ESC_TX1_DATA3,
T17,GPIO136,,GPIO136,,,EMIF2_D2,GPIO136,,SCIA_RX,SD2_D4,GPIO136,,ESC_GPO3,,GPIO136,,ESC_RX1_DV,
R16,GPIO48,,GPIO48,OUTPUTXBAR3,EMIF1_A8,,GPIO48,,SCIA_TX,SD1_D1,GPIO48,,,ENET_PPS1,GPIO48,,ESC_PHY_CLK,
T18,GPIO137,,GPIO137,EPWM13A,,EMIF2_D1,GPIO137,,SCIB_TX,SD2_C4,GPIO137,,ESC_GPO4,,GPIO137,,ESC_RX1_CLK,
T19,GPIO138,,GPIO138,EPWM13B,,EMIF2_D0,GPIO138,,SCIB_RX,,GPIO138,,ESC_GPO5,,GPIO138,,ESC_RX1_ERR,
R17,GPIO49,,GPIO49,OUTPUTXBAR4,EMIF1_A9,,GPIO49,,SCIA_RX,SD1_C1,GPIO49,EMIF1_A5,,ENET_MII_RX_CLK,GPIO49,SD2_D1,FSITXA_D0,
R18,GPIO50,,GPIO50,EQEP1_A,EMIF1_A10,,GPIO50,,SPIC_SIMO,SD1_D2,GPIO50,EMIF1_A6,,ENET_MII_RX_DV,GPIO50,SD2_D2,FSITXA_D1,
R19,GPIO51,,GPIO51,EQEP1_B,EMIF1_A11,,GPIO51,,SPIC_SOMI,SD1_C2,GPIO51,EMIF1_A7,,ENET_MII_RX_ERR,GPIO51,SD2_D3,FSITXA_CLK,
P16,GPIO52,,GPIO52,EQEP1_STROBE,EMIF1_A12,,GPIO52,,SPIC_CLK,SD1_D3,GPIO52,EMIF1_A8,,ENET_MII_RX_DATA0,GPIO52,SD2_D4,FSIRXA_D0,
P17,GPIO53,,GPIO53,EQEP1_INDEX,EMIF1_D31,EMIF2_D15,GPIO53,,SPIC_STEn,SD1_C3,GPIO53,EMIF1_A9,,ENET_MII_RX_DATA1,GPIO53,SD1_C1,FSIRXA_D1,
P18,GPIO54,,GPIO54,SPIA_SIMO,EMIF1_D30,EMIF2_D14,GPIO54,EQEP2_A,SCIB_TX,SD1_D4,GPIO54,EMIF1_A10,,ENET_MII_RX_DATA2,GPIO54,SD1_C2,FSIRXA_CLK,SSIA_TX
P19,GPIO55,,GPIO55,SPIA_SOMI,EMIF1_D29,EMIF2_D13,GPIO55,EQEP2_B,SCIB_RX,SD1_C4,GPIO55,EMIF1_D0,,ENET_MII_RX_DATA3,GPIO55,SD1_C3,FSITXB_D0,SSIA_RX
N16,GPIO56,,GPIO56,SPIA_CLK,EMIF1_D28,EMIF2_D12,GPIO56,EQEP2_STROBE,SCIC_TX,SD2_D1,GPIO56,EMIF1_D1,I2CA_SDA,ENET_MII_TX_EN,GPIO56,SD1_C4,FSITXB_CLK,SSIA_CLK
N18,GPIO57,,GPIO57,SPIA_STEn,EMIF1_D27,EMIF2_D11,GPIO57,EQEP2_INDEX,SCIC_RX,SD2_C1,GPIO57,EMIF1_D2,I2CA_SCL,ENET_MII_TX_ERR,GPIO57,,FSITXB_D1,SSIA_FSS
N17,GPIO58,,GPIO58,MCLKRA,EMIF1_D26,EMIF2_D10,GPIO58,OUTPUTXBAR1,SPIB_CLK,SD2_D2,GPIO58,EMIF1_D3,ESC_LED_LINK0_ACTIVE,ENET_MII_TX_CLK,GPIO58,SD2_C2,FSIRXB_D0,SPIA_SIMO
N19,GPIO139,,GPIO139,EPWM14A,,,GPIO139,,SCIC_RX,,GPIO139,,ESC_GPO6,,GPIO139,,ESC_RX1_DATA0,
M16,GPIO59,,GPIO59,MFSRA,EMIF1_D25,EMIF2_D9,GPIO59,OUTPUTXBAR2,SPIB_STEn,SD2_C2,GPIO59,EMIF1_D4,ESC_LED_LINK1_ACTIVE,ENET_MII_TX_DATA0,GPIO59,SD2_C3,FSIRXB_D1,SPIA_SOMI
M19,GPIO140,,GPIO140,EPWM14B,,,GPIO140,,SCIC_TX,,GPIO140,,ESC_GPO7,,GPIO140,,ESC_RX1_DATA1,
M17,GPIO60,,GPIO60,MCLKRB,EMIF1_D24,EMIF2_D8,GPIO60,OUTPUTXBAR3,SPIB_SIMO,SD2_D3,GPIO60,EMIF1_D5,ESC_LED_ERR,ENET_MII_TX_DATA1,GPIO60,SD2_C4,FSIRXB_CLK,SPIA_CLK
M18,GPIO141,,GPIO141,EPWM15A,,,GPIO141,,SCID_RX,,GPIO141,,ESC_GPO8,,GPIO141,,ESC_RX1_DATA2,
L19,GPIO142,,GPIO142,EPWM15B,,,GPIO142,,SCID_TX,,GPIO142,,ESC_GPO9,,GPIO142,,ESC_RX1_DATA3,
L16,GPIO61,,GPIO61,MFSRB,EMIF1_D23,EMIF2_D7,GPIO61,OUTPUTXBAR4,SPIB_SOMI,SD2_C3,GPIO61,EMIF1_D6,ESC_LED_RUN,ENET_MII_TX_DATA2,GPIO61,,CANA_RX,SPIA_STEn
J17,GPIO62,,GPIO62,SCIC_RX,EMIF1_D22,EMIF2_D6,GPIO62,EQEP3_A,CANA_RX,SD2_D4,GPIO62,EMIF1_D7,ESC_LED_STATE_RUN,ENET_MII_TX_DATA3,GPIO62,,CANA_TX,
J16,GPIO63,,GPIO63,SCIC_TX,EMIF1_D21,EMIF2_D5,GPIO63,EQEP3_B,CANA_TX,SD2_C4,GPIO63,SSIA_TX,,ENET_MII_RX_DATA0,GPIO63,SD1_D1,ESC_RX1_DATA0,SPIB_SIMO
L17,GPIO64,,GPIO64,,EMIF1_D20,EMIF2_D4,GPIO64,EQEP3_STROBE,SCIA_RX,,GPIO64,SSIA_RX,ENET_MII_RX_DV,ENET_MII_RX_DATA1,GPIO64,SD1_C1,ESC_RX1_DATA1,SPIB_SOMI
K16,GPIO65,,GPIO65,,EMIF1_D19,EMIF2_D3,GPIO65,EQEP3_INDEX,SCIA_TX,,GPIO65,SSIA_CLK,ENET_MII_RX_ERR,ENET_MII_RX_DATA2,GPIO65,SD1_D2,ESC_RX1_DATA2,SPIB_CLK
K17,GPIO66,,GPIO66,,EMIF1_D18,EMIF2_D2,GPIO66,,I2CB_SDA,,GPIO66,SSIA_FSS,ENET_MII_RX_DATA0,ENET_MII_RX_DATA3,GPIO66,SD1_C2,ESC_RX1_DATA3,SPIB_STEn
K18,GPIO44,,GPIO44,,EMIF1_A4,,GPIO44,,,,GPIO44,,,ENET_MII_TX_CLK,GPIO44,,ESC_TX1_CLK,
K19,GPIO45,,GPIO45,,EMIF1_A5,,GPIO45,,,,GPIO45,,,ENET_MII_TX_EN,GPIO45,,ESC_TX1_ENA,
F18,GPIO143,,GPIO143,EPWM16A,,,GPIO143,,,,GPIO143,,ESC_GPO10,,GPIO143,,ESC_LED_LINK0_ACTIVE,
G18,GPIO133,,GPIO133,,,,GPIO133,,,SD2_C2,GPIO133,,,,GPIO133,,,
F17,GPIO144,,GPIO144,EPWM16B,,,GPIO144,,,,GPIO144,,ESC_GPO11,,GPIO144,,ESC_LED_LINK1_ACTIVE,
E19,GPIO46,,GPIO46,,EMIF1_A6,,GPIO46,,SCID_RX,,GPIO46,,,ENET_MII_TX_ERR,GPIO46,,ESC_MDIO_CLK,
E18,GPIO47,,GPIO47,,EMIF1_A7,,GPIO47,,SCID_TX,,GPIO47,,,ENET_PPS0,GPIO47,,ESC_MDIO_DATA,
D19,GPIO42,,GPIO42,,,,GPIO42,,I2CA_SDA,,GPIO42,,ENET_MDIO_CLK,UARTA_TX,GPIO42,,,SCIA_TX
C19,GPIO43,,GPIO43,,,,GPIO43,,I2CA_SCL,,GPIO43,,ENET_MDIO_DATA,UARTA_RX,GPIO43,,,SCIA_RX
B19,GPIO67,,GPIO67,,EMIF1_D17,EMIF2_D1,GPIO67,,,,GPIO67,,ENET_MII_RX_CLK,ENET_REVMII_MDIO_RST,GPIO67,SD1_D3,,
E17,GPIO145,,GPIO145,EPWM1A,,,GPIO145,,,,GPIO145,,ESC_GPO12,,GPIO145,,ESC_LED_ERR,
C18,GPIO68,,GPIO68,,EMIF1_D16,EMIF2_D0,GPIO68,,,,GPIO68,,,ENET_MII_INTR,GPIO68,SD1_C3,ESC_PHY1_LINKSTATUS,
D18,GPIO146,,GPIO146,EPWM1B,,,GPIO146,,,,GPIO146,,ESC_GPO13,,GPIO146,,ESC_LED_RUN,
B18,GPIO69,,GPIO69,,EMIF1_D15,EMU0,GPIO69,,I2CB_SCL,,GPIO69,,ENET_MII_TX_EN,ENET_MII_RX_CLK,GPIO69,SD1_D4,ESC_RX1_CLK,SPIC_SIMO
A17,GPIO70,,GPIO70,,EMIF1_D14,EMU0,GPIO70,CANA_RX,SCIB_TX,,GPIO70,MCAN_RX,,ENET_MII_RX_DV,GPIO70,SD1_C4,ESC_RX1_DV,SPIC_SOMI
D17,GPIO147,,GPIO147,EPWM2A,,,GPIO147,,,,GPIO147,,ESC_GPO14,,GPIO147,,ESC_LED_STATE_RUN,
B17,GPIO71,,GPIO71,,EMIF1_D13,EMU1,GPIO71,CANA_TX,SCIB_RX,,GPIO71,MCAN_TX,ENET_MII_RX_DATA0,ENET_MII_RX_ERR,GPIO71,,ESC_RX1_ERR,SPIC_CLK
B16,GPIO72,,GPIO72,,EMIF1_D12,,GPIO72,CANB_TX,SCIC_TX,,GPIO72,,ENET_MII_RX_DATA1,ENET_MII_TX_DATA3,GPIO72,,ESC_TX1_DATA3,SPIC_STEn
A16,GPIO73,,GPIO73,,EMIF1_D11,XCLKOUT,GPIO73,CANB_RX,SCIC_RX,,GPIO73,,ENET_RMII_CLK,ENET_MII_TX_DATA2,GPIO73,SD2_D2,ESC_TX1_DATA2,
C17,GPIO74,,GPIO74,,EMIF1_D10,,GPIO74,,,,GPIO74,MCAN_TX,,ENET_MII_TX_DATA1,GPIO74,SD2_C2,ESC_TX1_DATA1,
D16,GPIO75,,GPIO75,,EMIF1_D9,,GPIO75,,,,GPIO75,MCAN_RX,,ENET_MII_TX_DATA0,GPIO75,SD2_D3,ESC_TX1_DATA0,
C16,GPIO76,,GPIO76,,EMIF1_D8,,GPIO76,,SCID_TX,,GPIO76,,ENET_MII_RX_ERR,,GPIO76,SD2_C3,ESC_PHY_RESETn,
A15,GPIO77,,GPIO77,,EMIF1_D7,,GPIO77,,SCID_RX,,GPIO77,,,,GPIO77,SD2_D4,ESC_RX0_CLK,
B15,GPIO78,,GPIO78,,EMIF1_D6,,GPIO78,,EQEP2_A,,GPIO78,,,,GPIO78,SD2_C4,ESC_RX0_DV,
C15,GPIO79,,GPIO79,,EMIF1_D5,,GPIO79,,EQEP2_B,,GPIO79,,,,GPIO79,SD2_D1,ESC_RX0_ERR,
D15,GPIO80,,GPIO80,,EMIF1_D4,,GPIO80,,EQEP2_STROBE,,GPIO80,,,,GPIO80,SD2_C1,ESC_RX0_DATA0,
A14,GPIO81,,GPIO81,,EMIF1_D3,,GPIO81,,EQEP2_INDEX,,GPIO81,,,,GPIO81,,ESC_RX0_DATA1,
B14,GPIO82,,GPIO82,,EMIF1_D2,,GPIO82,,,,GPIO82,,,,GPIO82,,ESC_RX0_DATA2,
C14,GPIO83,,GPIO83,,EMIF1_D1,,GPIO83,,,,GPIO83,,,,GPIO83,,ESC_RX0_DATA3,
D14,GPIO148,,GPIO148,EPWM2B,,,GPIO148,,,,GPIO148,,ESC_GPO15,,GPIO148,,ESC_PHY0_LINKSTATUS,
A13,GPIO149,,GPIO149,EPWM3A,,,GPIO149,,,,GPIO149,,ESC_GPO16,,GPIO149,,ESC_PHY1_LINKSTATUS,
B13,GPIO150,,GPIO150,EPWM3B,,,GPIO150,,,,GPIO150,,ESC_GPO17,,GPIO150,,ESC_I2C_SDA,
C13,GPIO151,,GPIO151,EPWM4A,,,GPIO151,,,,GPIO151,,ESC_GPO18,,GPIO151,,ESC_I2C_SCL,
D13,GPIO152,,GPIO152,EPWM4B,,,GPIO152,,,,GPIO152,,ESC_GPO19,,GPIO152,,ESC_MDIO_CLK,
A12,GPIO153,,GPIO153,EPWM5A,,,GPIO153,,,,GPIO153,,ESC_GPO20,,GPIO153,,ESC_MDIO_DATA,
B12,GPIO154,,GPIO154,EPWM5B,,,GPIO154,,,,GPIO154,,ESC_GPO21,,GPIO154,,ESC_PHY_CLK,
C12,GPIO155,,GPIO155,EPWM6A,,,GPIO155,,,,GPIO155,,ESC_GPO22,,GPIO155,,ESC_PHY_RESETn,
D12,GPIO156,,GPIO156,EPWM6B,,,GPIO156,,,,GPIO156,,ESC_GPO23,,GPIO156,,ESC_TX0_ENA,
B10,GPIO157,,GPIO157,EPWM7A,,,GPIO157,,,,GPIO157,,ESC_GPO24,,GPIO157,,ESC_TX0_CLK,
A11,GPIO84,,GPIO84,,,,GPIO84,SCIA_TX,MDXB,,GPIO84,,,UARTA_TX,GPIO84,,ESC_TX0_ENA,MDXA
B11,GPIO85,,GPIO85,,EMIF1_D0,,GPIO85,SCIA_RX,MDRB,,GPIO85,,,UARTA_RX,GPIO85,,ESC_TX0_CLK,MDRA
C11,GPIO86,,GPIO86,,EMIF1_A13,EMIF1_CAS,GPIO86,SCIB_TX,MCLKXB,,GPIO86,,,,GPIO86,,ESC_PHY0_LINKSTATUS,MCLKXA
D11,GPIO87,,GPIO87,,EMIF1_A14,EMIF1_RAS,GPIO87,SCIB_RX,MFSXB,,GPIO87,EMIF1_DQM3,,,GPIO87,,ESC_TX0_DATA0,MFSXA
C10,GPIO158,,GPIO158,EPWM7B,,,GPIO158,,,,GPIO158,,ESC_GPO25,,GPIO158,,ESC_TX0_DATA0,
D10,GPIO159,,GPIO159,EPWM8A,,,GPIO159,,,,GPIO159,,ESC_GPO26,,GPIO159,,ESC_TX0_DATA1,
B9,GPIO160,,GPIO160,EPWM8B,,,GPIO160,,,,GPIO160,,ESC_GPO27,,GPIO160,,ESC_TX0_DATA2,
C9,GPIO161,,GPIO161,EPWM9A,,,GPIO161,,,,GPIO161,,ESC_GPO28,,GPIO161,,ESC_TX0_DATA3,
D9,GPIO162,,GPIO162,EPWM9B,,,GPIO162,,,,GPIO162,,ESC_GPO29,,GPIO162,,ESC_RX0_DV,
A8,GPIO163,,GPIO163,EPWM10A,,,GPIO163,,,,GPIO163,,ESC_GPO30,,GPIO163,,ESC_RX0_CLK,
B8,GPIO164,,GPIO164,EPWM10B,,,GPIO164,,,,GPIO164,,ESC_GPO31,,GPIO164,,ESC_RX0_ERR,
C8,GPIO0,GPIO0,GPIO0,EPWM1A,,,GPIO0,,I2CA_SDA,,GPIO0,CM-I2CA_SDA,ESC_GPI0,,GPIO0,FSITXA_D0,,
D8,GPIO1,,GPIO1,EPWM1B,,MFSRB,GPIO1,,I2CA_SCL,,GPIO1,CM-I2CA_SCL,ESC_GPI1,,GPIO1,FSITXA_D1,,
A7,GPIO2,,GPIO2,EPWM2A,,,GPIO2,OUTPUTXBAR1,I2CB_SDA,,GPIO2,,ESC_GPI2,,GPIO2,FSITXA_CLK,,
B7,GPIO3,,GPIO3,EPWM2B,OUTPUTXBAR2,MCLKRB,GPIO3,OUTPUTXBAR2,I2CB_SCL,,GPIO3,,ESC_GPI3,,GPIO3,FSIRXA_D0,,
C7,GPIO4,,GPIO4,EPWM3A,,,GPIO4,OUTPUTXBAR3,CANA_TX,,GPIO4,MCAN_TX,ESC_GPI4,,GPIO4,FSIRXA_D1,,
D7,GPIO5,,GPIO5,EPWM3B,MFSRA,OUTPUTXBAR3,GPIO5,,CANA_RX,,GPIO5,MCAN_RX,ESC_GPI5,,GPIO5,FSIRXA_CLK,,
A6,GPIO6,,GPIO6,EPWM4A,OUTPUTXBAR4,EXTSYNCOUT,GPIO6,EQEP3_A,CANB_TX,,GPIO6,,ESC_GPI6,,GPIO6,FSITXB_D0,,
B6,GPIO7,,GPIO7,EPWM4B,MCLKRA,OUTPUTXBAR5,GPIO7,EQEP3_B,CANB_RX,,GPIO7,,ESC_GPI7,,GPIO7,FSITXB_D1,,
C6,GPIO88,,GPIO88,,EMIF1_A15,EMIF1_DQM0,GPIO88,,,,GPIO88,EMIF1_DQM1,,,GPIO88,,ESC_TX0_DATA1,
D6,GPIO89,,GPIO89,,EMIF1_A16,EMIF1_DQM1,GPIO89,,SCIC_TX,,GPIO89,EMIF1_CAS,,,GPIO89,,ESC_TX0_DATA2,
A5,GPIO90,,GPIO90,,EMIF1_A17,EMIF1_DQM2,GPIO90,,SCIC_RX,,GPIO90,EMIF1_RAS,,,GPIO90,,ESC_TX0_DATA3,
B5,GPIO91,,GPIO91,,EMIF1_A18,EMIF1_DQM3,GPIO91,,I2CA_SDA,,GPIO91,EMIF1_DQM2,PMBUSA_SCL,SSIA_TX,GPIO91,FSIRXF_D0,CLB_OUTPUTXBAR1,SPID_SIMO
C5,GPIO165,,GPIO165,EPWM11A,,,GPIO165,,,,GPIO165,,MDXA,,GPIO165,,ESC_RX0_DATA0,
A4,GPIO92,,GPIO92,,EMIF1_A19,EMIF1_BA1,GPIO92,,I2CA_SCL,,GPIO92,EMIF1_DQM0,PMBUSA_SDA,SSIA_RX,GPIO92,FSIRXF_D1,CLB_OUTPUTXBAR2,SPID_SOMI
D5,GPIO166,,GPIO166,EPWM11B,,,GPIO166,,,,GPIO166,,MDRA,,GPIO166,,ESC_RX0_DATA1,
B4,GPIO93,,GPIO93,,EMIF1_A20,EMIF1_BA0,GPIO93,,SCID_TX,,GPIO93,,PMBUSA_ALERT,SSIA_CLK,GPIO93,FSIRXF_CLK,CLB_OUTPUTXBAR3,SPID_CLK
C4,GPIO167,,GPIO167,EPWM12A,,,GPIO167,,,,GPIO167,,MCLKXA,,GPIO167,,ESC_RX0_DATA2,
A3,GPIO94,,GPIO94,,EMIF1_A21,,GPIO94,,SCID_RX,,GPIO94,EMIF1_BA1,PMBUSA_CTL,SSIA_FSS,GPIO94,FSIRXG_D0,CLB_OUTPUTXBAR4,SPID_STEn
D4,GPIO168,,GPIO168,EPWM12B,,,GPIO168,,,,GPIO168,,MFSXA,,GPIO168,,ESC_RX0_DATA3,
B3,GPIO95,,GPIO95,,,EMIF2_A12,GPIO95,,,,GPIO95,,,,GPIO95,FSIRXG_D1,CLB_OUTPUTXBAR5,
C3,GPIO96,,GPIO96,,,EMIF2_DQM1,GPIO96,EQEP1_A,,,GPIO96,,,,GPIO96,FSIRXG_CLK,CLB_OUTPUTXBAR6,
A2,GPIO97,,GPIO97,,,EMIF2_DQM0,GPIO97,EQEP1_B,,,GPIO97,,,,GPIO97,FSIRXH_D0,CLB_OUTPUTXBAR7,
B2,GPIO10,,GPIO10,EPWM6A,CANB_RX,ADCSOCBO,GPIO10,EQEP1_A,SCIB_TX,,GPIO10,MCAN_RX,ESC_GPO2,,GPIO10,FSIRXB_D1,FSITXA_CLK,FSIRXA_D1
C1,GPIO11,,GPIO11,EPWM6B,SCIB_RX,OUTPUTXBAR7,GPIO11,EQEP1_B,SCIB_RX,,GPIO11,,ESC_GPO3,,GPIO11,FSIRXB_CLK,FSIRXA_D1,
C2,GPIO12,,GPIO12,EPWM7A,CANB_TX,MDXB,GPIO12,EQEP1_STROBE,SCIC_TX,,GPIO12,,ESC_GPO4,,GPIO12,FSIRXC_D0,FSIRXA_D0,
D1,GPIO13,,GPIO13,EPWM7B,CANB_RX,MDRB,GPIO13,EQEP1_INDEX,SCIC_RX,,GPIO13,,ESC_GPO5,,GPIO13,FSIRXC_D1,FSIRXA_CLK,
D2,GPIO14,,GPIO14,EPWM8A,SCIB_TX,MCLKXB,GPIO14,,OUTPUTXBAR3,,GPIO14,,ESC_GPO6,,GPIO14,FSIRXC_CLK,,
D3,GPIO15,,GPIO15,EPWM8B,SCIB_RX,MFSXB,GPIO15,,OUTPUTXBAR4,,GPIO15,,ESC_GPO7,,GPIO15,FSIRXD_D0,,
E1,GPIO16,,GPIO16,SPIA_SIMO,CANB_TX,OUTPUTXBAR7,GPIO16,EPWM9A,,SD1_D1,GPIO16,,,SSIA_TX,GPIO16,FSIRXD_D1,,
E2,GPIO17,,GPIO17,SPIA_SOMI,CANB_RX,OUTPUTXBAR8,GPIO17,EPWM9B,,SD1_C1,GPIO17,,,SSIA_RX,GPIO17,FSIRXD_CLK,,
E3,GPIO18,,GPIO18,SPIA_CLK,SCIB_TX,CANA_RX,GPIO18,EPWM10A,,SD1_D2,GPIO18,MCAN_RX,EMIF1_CS2n,SSIA_CLK,GPIO18,FSIRXE_D0,,
E4,GPIO19,,GPIO19,SPIA_STEn,SCIB_RX,CANA_TX,GPIO19,EPWM10B,,SD1_C2,GPIO19,MCAN_TX,EMIF1_CS3n,SSIA_FSS,GPIO19,FSIRXE_D1,,
F2,GPIO20,,GPIO20,EQEP1_A,MDXA,CANB_TX,GPIO20,EPWM11A,,SD1_D3,GPIO20,,EMIF1_BA0,,GPIO20,FSIRXE_CLK,SPIC_SIMO,
F3,GPIO21,,GPIO21,EQEP1_B,MDRA,CANB_RX,GPIO21,EPWM11B,,SD1_C3,GPIO21,,EMIF1_BA1,,GPIO21,FSIRXF_D0,SPIC_SOMI,
F1,GPIO98,,GPIO98,,,EMIF2_A0,GPIO98,EQEP1_STROBE,,,GPIO98,,,,GPIO98,FSIRXH_D1,CLB_OUTPUTXBAR8,
G1,GPIO99,,GPIO99,,,EMIF2_A1,GPIO99,EQEP1_INDEX,,,GPIO99,,,,GPIO99,FSIRXH_CLK,,
G2,GPIO8,,GPIO8,EPWM5A,CANB_TX,ADCSOCAO,GPIO8,EQEP3_STROBE,SCIA_TX,,GPIO8,MCAN_TX,ESC_GPO0,,GPIO8,FSITXB_CLK,FSITXA_D1,FSIRXA_D0
G3,GPIO9,,GPIO9,EPWM5B,SCIB_TX,OUTPUTXBAR6,GPIO9,EQEP3_INDEX,SCIA_RX,,GPIO9,,ESC_GPO1,,GPIO9,FSIRXB_D0,FSITXA_D0,FSIRXA_CLK
H1,GPIO100,,GPIO100,,,EMIF2_A2,GPIO100,EQEP2_A,SPIC_SIMO,,GPIO100,,ESC_GPI0,,GPIO100,FSITXA_D0,,
H2,GPIO101,,GPIO101,,,EMIF2_A3,GPIO101,EQEP2_B,SPIC_SOMI,,GPIO101,,ESC_GPI1,,GPIO101,FSITXA_D1,,
H3,GPIO102,,GPIO102,,,EMIF2_A4,GPIO102,EQEP2_STROBE,SPIC_CLK,,GPIO102,,ESC_GPI2,,GPIO102,FSITXA_CLK,,
J1,GPIO103,,GPIO103,,,EMIF2_A5,GPIO103,EQEP2_INDEX,SPIC_STEn,,GPIO103,,ESC_GPI3,,GPIO103,FSIRXA_D0,,
J2,GPIO104,,GPIO104,I2CA_SDA,,EMIF2_A6,GPIO104,EQEP3_A,SCID_TX,,GPIO104,,ESC_GPI4,CM-I2CA_SDA,GPIO104,FSIRXA_D1,,
J4,GPIO22,,GPIO22,EQEP1_STROBE,MCLKXA,SCIB_TX,GPIO22,EPWM12A,SPIB_CLK,SD1_D4,GPIO22,MCAN_TX,EMIF1_RAS,,GPIO22,FSIRXF_D1,SPIC_CLK,
K4,GPIO23,,GPIO23,EQEP1_INDEX,MFSXA,SCIB_RX,GPIO23,EPWM12B,SPIB_STEn,SD1_C4,GPIO23,MCAN_RX,EMIF1_CAS,,GPIO23,FSIRXF_CLK,SPIC_STEn,
K3,GPIO24,,GPIO24,OUTPUTXBAR1,EQEP2_A,MDXB,GPIO24,,SPIB_SIMO,SD2_D1,GPIO24,PMBUSA_SCL,EMIF1_DQM0,,GPIO24,EPWM13A,,FSIRXG_D0
K2,GPIO25,,GPIO25,OUTPUTXBAR2,EQEP2_B,MDRB,GPIO25,,SPIB_SOMI,SD2_C1,GPIO25,PMBUSA_SDA,EMIF1_DQM1,,GPIO25,EPWM13B,FSITXA_D1,FSIRXG_D1
J3,GPIO105,,GPIO105,I2CA_SCL,,EMIF2_A7,GPIO105,EQEP3_B,SCID_RX,,GPIO105,,ESC_GPI5,CM-I2CA_SCL,GPIO105,FSIRXA_CLK,ENET_MDIO_CLK,
K1,GPIO26,,GPIO26,OUTPUTXBAR3,EQEP2_INDEX,MCLKXB,GPIO26,OUTPUTXBAR3,SPIB_CLK,SD2_D2,GPIO26,PMBUSA_ALERT,EMIF1_DQM2,ESC_MDIO_CLK,GPIO26,EPWM14A,FSITXA_D0,FSIRXG_CLK
L1,GPIO27,,GPIO27,OUTPUTXBAR4,EQEP2_STROBE,MFSXB,GPIO27,OUTPUTXBAR4,SPIB_STEn,SD2_C2,GPIO27,PMBUSA_CTL,EMIF1_DQM3,ESC_MDIO_DATA,GPIO27,EPWM14B,FSITXA_CLK,FSIRXH_D0
L2,GPIO106,,GPIO106,,,EMIF2_A8,GPIO106,EQEP3_STROBE,SCIC_TX,,GPIO106,,ESC_GPI6,,GPIO106,FSITXB_D0,ENET_MDIO_DATA,
L3,GPIO107,,GPIO107,,,EMIF2_A9,GPIO107,EQEP3_INDEX,SCIC_RX,,GPIO107,,ESC_GPI7,,GPIO107,FSITXB_D1,ENET_REVMII_MDIO_RST,
L4,GPIO108,,GPIO108,,,EMIF2_A10,GPIO108,,,,GPIO108,,ESC_GPI8,,GPIO108,FSITXB_CLK,ENET_MII_INTR,
N2,GPIO109,,GPIO109,,,EMIF2_A11,GPIO109,,,,GPIO109,,ESC_GPI9,,GPIO109,,ENET_MII_CRS,
M2,GPIO110,,GPIO110,,,EMIF2_WAIT,GPIO110,,,,GPIO110,,ESC_GPI10,,GPIO110,FSIRXB_D0,ENET_MII_COL,
M4,GPIO111,,GPIO111,,,EMIF2_BA0,GPIO111,,,,GPIO111,,ESC_GPI11,,GPIO111,FSIRXB_D1,ENET_MII_RX_CLK,
M3,GPIO112,,GPIO112,,,EMIF2_BA1,GPIO112,,,,GPIO112,,ESC_GPI12,,GPIO112,FSIRXB_CLK,ENET_MII_RX_DV,
N4,GPIO113,,GPIO113,,,EMIF2_CAS,GPIO113,,,,GPIO113,,ESC_GPI13,,GPIO113,,ENET_MII_RX_ERR,
N3,GPIO114,,GPIO114,,,EMIF2_RAS,GPIO114,,,,GPIO114,,ESC_GPI14,,GPIO114,,ENET_MII_RX_DATA0,
P1,VSSA,VSSA
P5,VSSA,VSSA
R5,VSSA,VSSA
V7,VSSA,VSSA
W1,VSSA,VSSA
U4,ADCIN15/CMPIN4N,ADCIN15/CMPIN4N
V2,ADCINB0/VDAC,ADCINB0/VDAC
W2,ADCINB1/DACOUTC,ADCINB1/DACOUTC
V3,ADCINB2/CMPIN3P,ADCINB2/CMPIN3P
W3,ADCINB3/CMPIN3N,ADCINB3/CMPIN3N
V4,ADCINB4,ADCINB4
W4,ADCINB5,ADCINB5
V6,VREFLOB,VREFLOB
W6,VREFLOD,VREFLOD
W5,VREFHIB,VREFHIB
P6,VDDA,VDDA
R6,VDDA,VDDA
V5,VREFHID,VREFHID
T5,ADCIND0/CMPIN7P,ADCIND0/CMPIN7P
U5,ADCIND1/CMPIN7N,ADCIND1/CMPIN7N
T6,ADCIND2/CMPIN8P,ADCIND2/CMPIN8P
U6,ADCIND3/CMPIN8N,ADCIND3/CMPIN8N
T7,ADCIND4,ADCIND4
U7,ADCIND5,ADCIND5
A1,VSS,VSS
A10,VSS,VSS
A19,VSS,VSS
E5,VSS,VSS
E6,VSS,VSS
E8,VSS,VSS
E12,VSS,VSS
E14,VSS,VSS
E15,VSS,VSS
F5,VSS,VSS
F6,VSS,VSS
F8,VSS,VSS
F12,VSS,VSS
F14,VSS,VSS
F15,VSS,VSS
G16,VSS,VSS
G17,VSS,VSS
H8,VSS,VSS
H9,VSS,VSS
H10,VSS,VSS
H11,VSS,VSS
H12,VSS,VSS
H14,VSS,VSS
H15,VSS,VSS
J5,VSS,VSS
J6,VSS,VSS
J8,VSS,VSS
J9,VSS,VSS
J10,VSS,VSS
J11,VSS,VSS
J12,VSS,VSS
K8,VSS,VSS
K9,VSS,VSS
K10,VSS,VSS
K11,VSS,VSS
K12,VSS,VSS
K14,VSS,VSS
K15,VSS,VSS
L5,VSS,VSS
L6,VSS,VSS
L8,VSS,VSS
L9,VSS,VSS
L10,VSS,VSS
L11,VSS,VSS
L12,VSS,VSS
L18,VSS,VSS
M8,VSS,VSS
M9,VSS,VSS
M10,VSS,VSS
M11,VSS,VSS
M12,VSS,VSS
M14,VSS,VSS
M15,VSS,VSS
N1,VSS,VSS
N5,VSS,VSS
N6,VSS,VSS
P7,VSS,VSS
P8,VSS,VSS
P11,VSS,VSS
P12,VSS,VSS
P14,VSS,VSS
P15,VSS,VSS
R7,VSS,VSS
R8,VSS,VSS
R14,VSS,VSS
R15,VSS,VSS
W7,VSS,VSS
W19,VSS,VSS
A9,VDDIO,VDDIO
A18,VDDIO,VDDIO
B1,VDDIO,VDDIO
E7,VDDIO,VDDIO
E10,VDDIO,VDDIO
E13,VDDIO,VDDIO
F7,VDDIO,VDDIO
F10,VDDIO,VDDIO
F13,VDDIO,VDDIO
G5,VDDIO,VDDIO
G6,VDDIO,VDDIO
H5,VDDIO,VDDIO
H6,VDDIO,VDDIO
L14,VDDIO,VDDIO
L15,VDDIO,VDDIO
M1,VDDIO,VDDIO
M5,VDDIO,VDDIO
M6,VDDIO,VDDIO
N14,VDDIO,VDDIO
N15,VDDIO,VDDIO
P9,VDDIO,VDDIO
R9,VDDIO,VDDIO
V19,VDDIO,VDDIO
W8,VDDIO,VDDIO
F4,VDDIO,VDDIO
G4,VDDIO,VDDIO
E9,VDD,VDD
E11,VDD,VDD
F9,VDD,VDD
F11,VDD,VDD
G14,VDD,VDD
G15,VDD,VDD
J14,VDD,VDD
J15,VDD,VDD
K5,VDD,VDD
K6,VDD,VDD
P10,VDD,VDD
P13,VDD,VDD
R10,VDD,VDD
R13,VDD,VDD
R11,VDD3VFL,VDD3VFL
R12,VDD3VFL,VDD3VFL
W12,FLT1,FLT1
V13,FLT2,FLT2
W13,TDI,TDI
W15,TDO,TDO
V14,TRSTn,TRSTn
W14,TMS,TMS
V15,TCK,TCK
U19,ERRORSTS,ERRORSTS
H16,VDDOSC,VDDOSC
H17,VDDOSC,VDDOSC
J19,X2,X2
H18,VSSOSC,VSSOSC
H19,VSSOSC,VSSOSC
G19,X1,X1
F19,XRSn,XRSn
E16,VDDIO,VDDIO
F16,VDDIO,VDDIO
P4,ADCINC5/CMPIN5N,ADCINC5/CMPIN5N
R4,ADCINC4/CMPIN5P,ADCINC4/CMPIN5P
P3,ADCINC3/CMPIN6N,ADCINC3/CMPIN6N
R3,ADCINC2/CMPIN6P,ADCINC2/CMPIN6P
P2,VREFLOC,VREFLOC
R2,VREFLOA,VREFLOA
R1,VREFHIC,VREFHIC
V1,VREFHIA,VREFHIA
T3,ADCINA5/CMPIN2N,ADCINA5/CMPIN2N
U3,ADCINA4/CMPIN2P,ADCINA4/CMPIN2P
T2,ADCINA3/CMPIN1N,ADCINA3/CMPIN1N
U2,ADCINA2/CMPIN1P,ADCINA2/CMPIN1P
T1,ADCINA1/DACOUTB,ADCINA1/DACOUTB
U1,ADCINA0/DACOUTA,ADCINA0/DACOUTA
T4,ADCIN14/CMPIN4P,ADCIN14/CMPIN4P
J18,NC,NC
H4,NC,NC

